-- phpMyAdmin SQL Dump
-- version 4.6.6deb5
-- https://www.phpmyadmin.net/
--
-- Host: localhost:3306
-- Generation Time: Nov 18, 2020 at 06:49 PM
-- Server version: 5.7.32-0ubuntu0.18.04.1
-- PHP Version: 7.2.27-6+ubuntu18.04.1+deb.sury.org+1

SET SQL_MODE = "NO_AUTO_VALUE_ON_ZERO";
SET time_zone = "+00:00";


/*!40101 SET @OLD_CHARACTER_SET_CLIENT=@@CHARACTER_SET_CLIENT */;
/*!40101 SET @OLD_CHARACTER_SET_RESULTS=@@CHARACTER_SET_RESULTS */;
/*!40101 SET @OLD_COLLATION_CONNECTION=@@COLLATION_CONNECTION */;
/*!40101 SET NAMES utf8mb4 */;

--
-- Database: `project`
--

DELIMITER $$
--
-- Procedures
--
CREATE DEFINER=`spaceo`@`%` PROCEDURE `getproduct` (IN `p_name` VARCHAR(45) CHARSET utf8)  NO SQL
BEGIN
	select * from product where p_name=p_name;

END$$

DELIMITER ;

-- --------------------------------------------------------

--
-- Table structure for table `categories`
--

CREATE TABLE `categories` (
  `iCategoryId` int(10) NOT NULL,
  `vImage` varchar(255) NOT NULL,
  `vName` varchar(55) NOT NULL,
  `iOrder` int(10) NOT NULL,
  `tiStatus` tinyint(1) NOT NULL DEFAULT '1' COMMENT '0 => Inactive, 1 => Active ',
  `iUserId` int(11) NOT NULL,
  `tsAddedDate` timestamp NULL DEFAULT CURRENT_TIMESTAMP,
  `tsModifiedDate` timestamp NULL DEFAULT CURRENT_TIMESTAMP
) ENGINE=InnoDB DEFAULT CHARSET=utf8;

--
-- Dumping data for table `categories`
--

INSERT INTO `categories` (`iCategoryId`, `vImage`, `vName`, `iOrder`, `tiStatus`, `iUserId`, `tsAddedDate`, `tsModifiedDate`) VALUES
(23, '1605085449-576193189-h1.jpg', 'aaabbb', 5, 1, 0, '2020-11-03 09:17:43', '2020-11-03 09:17:43'),
(123, '1604926350-674701835-3.jpeg', 'trtr', 1, 1, 0, '2020-11-09 12:52:30', '2020-11-09 12:52:30'),
(124, '1604926409-1244194844-hitesh_new.jpg', 'ewqfrqwe', 1, 1, 0, '2020-11-09 12:53:29', '2020-11-09 12:53:29'),
(128, '4.jpeg', 'gerergerg', 1, 1, 0, '2020-11-09 13:16:26', '2020-11-09 13:16:26'),
(135, '1604929365-557036176-1.jpeg', 'uerh', 1, 1, 0, '2020-11-09 13:42:45', '2020-11-09 13:42:45'),
(138, '1604984365-1739107114-2.jpeg', 'new one update', 10, 1, 0, '2020-11-09 13:51:03', '2020-11-09 13:51:03'),
(139, '1604930240-614815705-3.jpeg', 'second one', 2, 1, 0, '2020-11-09 13:57:20', '2020-11-09 13:57:20'),
(141, '1604986019-220907609-h2.jpg', 'all done', 1, 1, 0, '2020-11-10 05:26:22', '2020-11-10 05:26:22'),
(142, '1605077004-1254264374-h3.jpg', 'abcd', 1, 1, 0, '2020-11-11 06:43:24', '2020-11-11 06:43:24'),
(143, '1605077624-149547420-h1.jpg', 'abcde', 1, 1, 0, '2020-11-11 06:53:44', '2020-11-11 06:53:44'),
(146, '1605104016-1333100937-3.jpeg', 'new added', 1, 0, 0, '2020-11-11 14:13:36', '2020-11-11 14:13:36'),
(147, '1605675736-10655567-2.jpeg', 'aswer', 10, 1, 21, '2020-11-18 04:41:30', '2020-11-18 04:41:30'),
(148, '1605691906-392587325-2.jpeg', 'asd', 12, 1, 20, '2020-11-18 04:44:59', '2020-11-18 04:44:59'),
(149, '1605699379-997922866-h1.jpg', 'aswert', 12, 0, 21, '2020-11-18 04:56:04', '2020-11-18 04:56:04'),
(150, '1605676950-416250641-1.jpeg', 'aswer', 1, 0, 20, '2020-11-18 05:22:30', '2020-11-18 05:22:30'),
(153, '1605692434-29578740-hitesh_new.jpg', 'aswerr', 1, 1, 20, '2020-11-18 09:40:34', '2020-11-18 09:40:34'),
(155, '1605692575-114553981-3d20130a-fbfe-4d74-abc5-dd408d025df5.png', 'ererrrr', 2, 1, 20, '2020-11-18 09:42:55', '2020-11-18 09:42:55');

-- --------------------------------------------------------

--
-- Table structure for table `images`
--

CREATE TABLE `images` (
  `iImageId` int(10) NOT NULL,
  `iProductId` int(10) NOT NULL,
  `vImageName` varchar(255) NOT NULL,
  `tiMarked` tinyint(1) NOT NULL DEFAULT '0' COMMENT '0 =>Not  Marked, 1 =>Marked',
  `tsAddedDate` timestamp NOT NULL DEFAULT CURRENT_TIMESTAMP
) ENGINE=InnoDB DEFAULT CHARSET=utf8;

--
-- Dumping data for table `images`
--

INSERT INTO `images` (`iImageId`, `iProductId`, `vImageName`, `tiMarked`, `tsAddedDate`) VALUES
(4, 106, '1604658407-830651398-7.jpg', 0, '2020-11-06 10:26:47'),
(5, 106, '1604658407-484297782-6.jpeg', 0, '2020-11-06 10:26:47'),
(6, 106, '1604658407-1083218722-5.jpg', 0, '2020-11-06 10:26:47'),
(7, 107, '1604658443-654934703-6.jpeg', 0, '2020-11-06 10:27:23'),
(8, 107, '1604658443-770735785-5.jpg', 0, '2020-11-06 10:27:23'),
(9, 107, '1604658443-1598870550-4.jpeg', 0, '2020-11-06 10:27:23'),
(14, 108, '1604660180-382251292-6.jpeg', 0, '2020-11-06 10:56:20'),
(15, 109, '1604660215-289474309-6.jpeg', 0, '2020-11-06 10:56:55'),
(16, 110, '1604660296-1363645871-6.jpeg', 0, '2020-11-06 10:58:16'),
(17, 111, '1604660401-781211257-6.jpeg', 0, '2020-11-06 11:00:01'),
(18, 112, '1604660479-560542640-6.jpeg', 0, '2020-11-06 11:01:19'),
(19, 113, '1604660501-15129681-6.jpeg', 0, '2020-11-06 11:01:41'),
(20, 114, '1604660526-1905074664-6.jpeg', 0, '2020-11-06 11:02:06'),
(21, 115, '1604660533-1471747074-6.jpeg', 0, '2020-11-06 11:02:13'),
(22, 116, '1604660539-1985162710-6.jpeg', 0, '2020-11-06 11:02:19'),
(23, 117, '1604660591-1429548180-6.jpeg', 0, '2020-11-06 11:03:11'),
(24, 118, '1604660599-1189281558-6.jpeg', 0, '2020-11-06 11:03:19'),
(25, 119, '1604660637-76592328-6.jpeg', 0, '2020-11-06 11:03:57'),
(26, 120, '1604660709-1420494007-6.jpeg', 0, '2020-11-06 11:05:09'),
(27, 121, '1604660724-1974077377-6.jpeg', 0, '2020-11-06 11:05:24'),
(28, 122, '1604660778-1522255390-6.jpeg', 0, '2020-11-06 11:06:18'),
(29, 123, '1604660785-1119267304-6.jpeg', 0, '2020-11-06 11:06:25'),
(38, 128, '1604661396-2085375061-4.jpeg', 0, '2020-11-06 11:16:36'),
(39, 128, '1604661396-1365403365-3.jpeg', 0, '2020-11-06 11:16:36'),
(40, 128, '1604661396-2077216944-2.jpeg', 0, '2020-11-06 11:16:36'),
(45, 132, '1604662497-972688546-4.jpeg', 0, '2020-11-06 11:34:57'),
(46, 132, '1604662497-1348060770-3.jpeg', 0, '2020-11-06 11:34:57'),
(47, 132, '1604662497-1163563234-2.jpeg', 0, '2020-11-06 11:34:57'),
(48, 133, '1604663069-363147738-5.jpg', 0, '2020-11-06 11:44:29'),
(50, 134, '1604663130-56046182-5.jpg', 0, '2020-11-06 11:45:30'),
(51, 134, '1604663130-1773833063-4.jpeg', 0, '2020-11-06 11:45:30'),
(89, 149, '1604903708-916048008-7.jpg', 0, '2020-11-09 06:35:08'),
(92, 152, '1604917621-1191234522-2.jpeg', 0, '2020-11-09 06:40:08'),
(93, 152, '1604917621-1191234522-2.jpeg', 0, '2020-11-09 06:40:08'),
(94, 152, '1604917621-1191234522-2.jpeg', 0, '2020-11-09 06:40:08'),
(98, 162, '1604918198-21348435-4.jpeg', 0, '2020-11-09 10:36:38'),
(99, 162, '1604918198-1582814937-3.jpeg', 0, '2020-11-09 10:36:38'),
(100, 162, '1604918198-1739018649-2.jpeg', 0, '2020-11-09 10:36:38'),
(104, 165, '1604991229-352450411-7.jpg', 0, '2020-11-10 06:53:49'),
(105, 165, '1604991229-1224006395-6.jpeg', 0, '2020-11-10 06:53:49'),
(106, 165, '1604991229-1683223986-5.jpg', 0, '2020-11-10 06:53:49'),
(148, 188, '1605088823-1362835145-2.jpeg', 0, '2020-11-11 10:00:23'),
(149, 189, '1605088878-1217804414-2.jpeg', 0, '2020-11-11 10:01:18'),
(150, 190, '1605088925-1892111586-2.jpeg', 0, '2020-11-11 10:02:05'),
(151, 191, '1605088996-1731038310-2.jpeg', 0, '2020-11-11 10:03:16'),
(152, 192, '1605089042-2126221668-2.jpeg', 0, '2020-11-11 10:04:02'),
(153, 193, '1605089073-532126572-2.jpeg', 0, '2020-11-11 10:04:33'),
(154, 194, '1605089149-79369805-5.jpg', 0, '2020-11-11 10:05:49'),
(155, 195, '1605089217-1227503127-5.jpg', 0, '2020-11-11 10:06:57'),
(160, 163, '1605091184-1756075427-h2.jpg', 0, '2020-11-11 10:39:44'),
(162, 163, '1605099141-1980177693-1.jpeg', 0, '2020-11-11 12:52:21'),
(163, 163, '1605099247-916359593-3.jpeg', 0, '2020-11-11 12:54:07'),
(167, 197, '1605104200-244850122-4.jpeg', 0, '2020-11-11 14:16:40'),
(178, 266, '1605161897-1786297172-3', 0, '2020-11-12 06:18:17'),
(179, 274, '1605162634-212746351-7.jpg2.jpeg1.jpeg', 0, '2020-11-12 06:30:34'),
(180, 275, '1605162690-798070566-', 0, '2020-11-12 06:31:30'),
(181, 276, '1605162706-1369074974-7.jpg', 0, '2020-11-12 06:31:46'),
(185, 280, '1605162831-1127810463-3.jpeg', 0, '2020-11-12 06:33:51'),
(347, 345, '1605166166-862270507-7.jpg', 0, '2020-11-12 07:29:26'),
(348, 345, '1605166166-1716219760-5.jpg', 1, '2020-11-12 07:29:26'),
(350, 345, '1605166166-2064528783-3.jpeg', 0, '2020-11-12 07:29:26'),
(393, 197, '1605173694-1049504828-1.jpeg', 1, '2020-11-12 09:34:54'),
(394, 358, '1605174385-572885182-3.jpeg', 1, '2020-11-12 09:46:25'),
(395, 360, '1605175753-1215547319-4.jpeg', 1, '2020-11-12 10:09:13'),
(396, 361, '1605175832-935840797-7.jpg', 0, '2020-11-12 10:10:32'),
(397, 361, '1605175832-1681777913-4.jpeg', 1, '2020-11-12 10:10:33'),
(398, 362, '1605676450-1191244160-2.jpeg', 0, '2020-11-18 05:14:10'),
(399, 362, '1605676450-1796264417-1.jpeg', 1, '2020-11-18 05:14:10'),
(400, 363, '1605676755-1746448953-4.jpeg', 1, '2020-11-18 05:19:15'),
(401, 363, '1605676755-1561773847-3.jpeg', 0, '2020-11-18 05:19:15'),
(402, 363, '1605676755-40326661-2.jpeg', 0, '2020-11-18 05:19:15'),
(411, 366, '1605677972-1117184376-7.jpg', 0, '2020-11-18 05:39:33'),
(412, 366, '1605677973-1735028880-6.jpeg', 0, '2020-11-18 05:39:33'),
(413, 366, '1605677973-17488637-5.jpg', 1, '2020-11-18 05:39:33'),
(414, 366, '1605677973-2023181014-4.jpeg', 0, '2020-11-18 05:39:33'),
(415, 366, '1605677973-832322341-3.jpeg', 0, '2020-11-18 05:39:33'),
(416, 366, '1605677973-1236044356-2.jpeg', 0, '2020-11-18 05:39:33'),
(420, 368, '1605690254-1752643117-3.jpeg', 0, '2020-11-18 09:04:14'),
(421, 368, '1605690254-1045043625-2.jpeg', 1, '2020-11-18 09:04:14');

-- --------------------------------------------------------

--
-- Table structure for table `products`
--

CREATE TABLE `products` (
  `iProductId` int(10) NOT NULL,
  `vProductName` varchar(100) NOT NULL,
  `iCategoryId` int(10) NOT NULL,
  `vProductCode` varchar(45) NOT NULL,
  `fPrice` float(7,2) NOT NULL,
  `fSalePrice` float(7,2) NOT NULL,
  `iProductQuantity` int(10) NOT NULL,
  `iOrder` int(10) NOT NULL,
  `tiStatus` tinyint(1) NOT NULL COMMENT '0 => Inactive, 1 => Active',
  `iUserId` int(11) NOT NULL,
  `tsAddedDate` timestamp NULL DEFAULT NULL,
  `tsModifiedDate` timestamp NULL DEFAULT CURRENT_TIMESTAMP
) ENGINE=InnoDB DEFAULT CHARSET=utf8;

--
-- Dumping data for table `products`
--

INSERT INTO `products` (`iProductId`, `vProductName`, `iCategoryId`, `vProductCode`, `fPrice`, `fSalePrice`, `iProductQuantity`, `iOrder`, `tiStatus`, `iUserId`, `tsAddedDate`, `tsModifiedDate`) VALUES
(1, 'abc', 23, '2f3ec4de5d110c0141e63703ade2d650', 100.00, 120.00, 1, 1, 1, 0, NULL, '2020-11-05 14:03:08'),
(2, 'abc', 23, 'ee210569c9b3daf400a39000c2cc5334', 100.00, 120.00, 1, 1, 1, 0, NULL, '2020-11-05 14:20:05'),
(3, 'abc', 23, '40631d27f7f8e0037b4c71c3088f5bbb', 100.00, 120.00, 1, 1, 1, 0, NULL, '2020-11-05 14:22:45'),
(4, 'abc', 23, 'dd181f3831d507e42aab935d5b49dc84', 100.00, 120.00, 1, 1, 1, 0, NULL, '2020-11-05 14:23:41'),
(5, 'abc', 23, '95c975d31f3f3113eba1ae6ba25df446', 100.00, 120.00, 1, 1, 1, 0, NULL, '2020-11-05 14:23:57'),
(104, 'abc', 23, '6ecde81d0a7933ba9bfd9088b5f14059', 100.00, 120.00, 1, 1, 1, 0, NULL, '2020-11-06 10:24:04'),
(105, 'abc', 23, '7e870f7822a536e127b818baa2c233ef', 100.00, 120.00, 1, 1, 1, 0, NULL, '2020-11-06 10:25:14'),
(106, 'abc', 23, 'c6713b0ecfedb9a54225a789c390ac60', 100.00, 120.00, 1, 1, 1, 0, NULL, '2020-11-06 10:26:47'),
(107, 'abc', 23, '6f882efa9852b1e3709be773a1e5db0b', 100.00, 120.00, 1, 1, 1, 0, NULL, '2020-11-06 10:27:23'),
(108, 'abc', 23, '67796fc0a56c6adfd28d685521f3a5e0', 100.00, 120.00, 1, 1, 1, 0, NULL, '2020-11-06 10:56:20'),
(109, 'abc', 23, 'df78a871ff53ede6a10932e29295c04f', 100.00, 120.00, 1, 1, 1, 0, NULL, '2020-11-06 10:56:55'),
(110, 'abc', 23, '5c5aadbcf9265dd6cf133f7842ce4ba7', 100.00, 120.00, 1, 1, 1, 0, NULL, '2020-11-06 10:58:16'),
(111, 'abc', 23, 'a40a2d42496d2b64421dd92b2baa98e9', 100.00, 120.00, 1, 1, 1, 0, NULL, '2020-11-06 11:00:01'),
(112, 'abc', 23, '30a71434387c05331dd2edb3ff34591f', 100.00, 120.00, 1, 1, 1, 0, NULL, '2020-11-06 11:01:19'),
(113, 'abc', 23, '3af7d875fe44bbc26644e4824a640ed3', 100.00, 120.00, 1, 1, 1, 0, NULL, '2020-11-06 11:01:41'),
(114, 'abc', 23, '72a110ee3c6c6b0941646fd8ef6ef8ea', 100.00, 120.00, 1, 1, 1, 0, NULL, '2020-11-06 11:02:06'),
(115, 'abc', 23, '16aabae5e8937918b89f5c96eddff911', 100.00, 120.00, 1, 1, 1, 0, NULL, '2020-11-06 11:02:13'),
(116, 'abc', 23, '071b9e7f7e8b4661d560b519e72917c2', 100.00, 120.00, 1, 1, 1, 0, NULL, '2020-11-06 11:02:19'),
(117, 'abc', 23, '9c5d3a2c9833f638fdd28d511120b111', 100.00, 120.00, 1, 1, 1, 0, NULL, '2020-11-06 11:03:11'),
(118, 'abc', 23, 'a60d519cbea42adf6262eee35cfbf974', 100.00, 120.00, 1, 1, 1, 0, NULL, '2020-11-06 11:03:19'),
(119, 'abc', 23, '5d56a2c98d7ef81805b6fd58de76a253', 100.00, 120.00, 1, 1, 1, 0, NULL, '2020-11-06 11:03:57'),
(120, 'abc', 23, '695a73c6e2d617f9915c4ebb00f8800d', 100.00, 120.00, 1, 1, 1, 0, NULL, '2020-11-06 11:05:09'),
(121, 'abc', 23, 'a49b22f6f2f80c53de4b833fc7ca5129', 100.00, 120.00, 1, 1, 1, 0, NULL, '2020-11-06 11:05:24'),
(122, 'abc', 23, 'b8a132b3d52131b559ec8dbf0d224729', 100.00, 120.00, 1, 1, 1, 0, NULL, '2020-11-06 11:06:18'),
(123, 'abc', 23, '30ce69fb5d210f8dbfac5195878c06dd', 100.00, 120.00, 1, 1, 1, 0, NULL, '2020-11-06 11:06:25'),
(128, 'abc', 23, 'ac4f5fd4bdf7d41dce530e2c29ec6dc7', 100.00, 120.00, 1, 1, 1, 0, NULL, '2020-11-06 11:16:36'),
(129, 'abc', 23, 'e0b11047f60dbe8e9d8d4dee431ddd5f', 100.00, 120.00, 1, 1, 1, 0, NULL, '2020-11-06 11:17:15'),
(130, 'abc', 23, '35085adfa3ab6a8a99c5cf1195956117', 100.00, 120.00, 1, 1, 1, 0, NULL, '2020-11-06 11:33:27'),
(131, 'abc', 23, 'f3d4c81e076f4b028adc6bb1ae43dda3', 100.00, 120.00, 1, 1, 1, 0, NULL, '2020-11-06 11:34:22'),
(132, 'abc', 23, '90c0eb20362b2ab4224370419861e2fd', 100.00, 120.00, 1, 1, 1, 0, NULL, '2020-11-06 11:34:57'),
(133, 'abc', 23, '975754b27ef3f8e7a9a4200a07b8d0df', 100.00, 120.00, 1, 1, 1, 0, NULL, '2020-11-06 11:44:29'),
(134, 'abc', 23, '616e8fea0ea20c1cf5548aa121c0ee7b', 100.00, 120.00, 1, 1, 1, 0, NULL, '2020-11-06 11:45:30'),
(135, 'abc', 23, '145acb6b92b0b8d79b3d408d9d2ff201', 100.00, 120.00, 1, 1, 1, 0, NULL, '2020-11-06 11:47:33'),
(136, 'abc', 23, '70c1306d44a60c7ae5ce20de049e8ffb', 100.00, 120.00, 1, 1, 1, 0, NULL, '2020-11-06 11:47:59'),
(137, 'abc', 23, '1e1a7088d5abe10f9854ceae9cb229c8', 100.00, 120.00, 1, 1, 1, 0, NULL, '2020-11-06 11:48:24'),
(138, 'abc', 23, 'a7ed60626ae5194427df3a58a31205e8', 100.00, 120.00, 1, 1, 1, 0, NULL, '2020-11-06 11:53:08'),
(139, 'abc', 23, 'bcc2023383646ddb5a4075d349ed1aae', 100.00, 120.00, 1, 1, 1, 0, NULL, '2020-11-06 11:53:44'),
(140, 'abc', 23, '4fb38f52c0c630b191253a5980908f55', 100.00, 120.00, 1, 1, 1, 0, NULL, '2020-11-06 11:54:07'),
(141, 'abc', 23, '663f550014f42fb5acfc1907bce36dc4', 100.00, 120.00, 1, 1, 1, 0, NULL, '2020-11-06 11:56:56'),
(142, 'abc', 23, '3402d76bcbc53b1f1054fa0cacb341c2', 100.00, 120.00, 1, 1, 1, 0, NULL, '2020-11-06 11:58:01'),
(143, 'abc', 23, 'b36d43d808ac4ff82c0be5b2d237a063', 100.00, 120.00, 1, 1, 1, 0, NULL, '2020-11-06 11:58:35'),
(144, 'abc', 23, 'cb1afd787150efaaa2945d0d60764f7e', 100.00, 120.00, 1, 1, 1, 0, NULL, '2020-11-09 06:26:42'),
(145, 'abc', 23, '92e0ff6b309bf7536c69133bd142c58c', 100.00, 120.00, 1, 1, 1, 0, NULL, '2020-11-09 06:27:02'),
(146, 'abc', 23, 'f26539d8647fde9f13a5f26b2fd40056', 100.00, 120.00, 1, 1, 1, 0, NULL, '2020-11-09 06:29:42'),
(147, 'abc', 23, '5bba41a655db5553dc4bd3b013071864', 100.00, 120.00, 1, 1, 1, 0, NULL, '2020-11-09 06:33:24'),
(148, 'abc', 23, '34a3bad68c159bc5b788aa1e98026e07', 100.00, 120.00, 1, 1, 1, 0, NULL, '2020-11-09 06:34:21'),
(149, 'abc', 23, '05f70258bcd770e9671f7922f70b3400', 100.00, 120.00, 1, 1, 1, 0, NULL, '2020-11-09 06:35:08'),
(150, 'abc', 23, 'a44d73f26b1319cace5fca2690aa864d', 100.00, 120.00, 1, 1, 1, 0, NULL, '2020-11-09 06:36:45'),
(151, 'abc', 23, '7f475cf409fa6d61891a0815a5a6ae81', 100.00, 120.00, 1, 1, 1, 0, NULL, '2020-11-09 06:38:40'),
(152, 'abc', 23, '3ce3922959784a8f8b9f193cc6631723', 100.00, 120.00, 1, 1, 1, 0, NULL, '2020-11-09 06:40:08'),
(153, 'abc', 23, 'ca47ff22b7bc61467167f7b011074132', 100.00, 120.00, 1, 1, 1, 0, NULL, '2020-11-09 06:58:08'),
(154, 'abc', 23, 'd7ef87d21b7004d8c47ae9114ddfb968', 100.00, 120.00, 1, 1, 1, 0, NULL, '2020-11-09 09:29:56'),
(155, 'abc', 23, '0b9d0399bcdef304fdd5ea2daef54c13', 100.00, 120.00, 1, 1, 1, 0, NULL, '2020-11-09 09:31:30'),
(156, 'abc', 23, '3d6909bec84e8617c5d9fea53f335002', 100.00, 120.00, 1, 1, 1, 0, NULL, '2020-11-09 09:32:23'),
(157, 'abc', 23, 'dda8fbe9dcfc586cd91ae983900ff5fe', 100.00, 120.00, 1, 1, 1, 0, NULL, '2020-11-09 09:39:21'),
(158, 'abc', 23, '537ed895d045ab681129b3069a8da55f', 100.00, 120.00, 1, 1, 1, 0, NULL, '2020-11-09 09:39:34'),
(159, 'abc', 23, '0ad328bd864f0d72013561cd2991973f', 100.00, 120.00, 1, 1, 1, 0, NULL, '2020-11-09 09:41:35'),
(160, 'abc', 23, '2219b336323b3a6daf03a31b16c58b94', 100.00, 120.00, 1, 1, 1, 0, NULL, '2020-11-09 09:42:03'),
(161, 'abc', 23, '4b3603c5af52c0146380425bf338b80f', 100.00, 120.00, 1, 1, 1, 0, NULL, '2020-11-09 09:42:34'),
(162, 'abc', 123, '4f2983c5edcf561b187381643591ae4e', 100.00, 120.00, 6, 2, 1, 0, NULL, '2020-11-09 10:36:38'),
(163, 'abcdef', 23, 'ac01ec6bf3392abb6cf12a8da45991f7', 1000.00, 12000.00, 530, 13, 1, 0, NULL, '2020-11-09 10:42:45'),
(165, 'abc', 23, '650626b4143a544a983dc3313aacaa5f', 100.00, 120.00, 15, 1, 1, 0, NULL, '2020-11-10 06:53:49'),
(166, 'abcaaaa', 23, '5fccdc7eb41365c18406e8bbab90c5ac', 200.00, 120.00, 1, 14, 1, 0, NULL, '2020-11-10 06:54:29'),
(167, 'new one ', 23, '1eac5d1b0419573712b3a160418c66a2', 100.00, 200.00, 121, 1, 1, 0, NULL, '2020-11-11 08:48:56'),
(168, 'xyz', 138, '108e08f699881a40f88096bb3638b7af', 200.00, 250.00, 250, 1, 1, 0, NULL, '2020-11-11 09:09:20'),
(169, 'xyz', 138, '5a6c6b75699fe149d473421510c0658c', 200.00, 250.00, 250, 1, 1, 0, NULL, '2020-11-11 09:10:05'),
(170, 'xyz', 138, '2d2c99ada4c8651fd39d7ad7bf341c19', 200.00, 250.00, 250, 1, 1, 0, NULL, '2020-11-11 09:10:34'),
(171, 'xyz', 138, 'e3d16d7c102f055ba56b9ddd81951159', 200.00, 250.00, 250, 1, 1, 0, NULL, '2020-11-11 09:10:50'),
(172, 'xyz', 138, '300265c5006d94e5da61f9be5b43a873', 200.00, 250.00, 250, 1, 1, 0, NULL, '2020-11-11 09:11:19'),
(173, 'xyz', 138, '754e234c54d35867e40ad7d4d3c61f0e', 200.00, 250.00, 250, 1, 1, 0, NULL, '2020-11-11 09:11:37'),
(174, 'xyz', 138, '7ddc60e3055c41a658c15e677171734f', 200.00, 250.00, 250, 1, 1, 0, NULL, '2020-11-11 09:13:53'),
(175, 'abcabcabc', 23, 'fb33659b79cc8eb30187b7d6c6729d60', 100.00, 120.00, 250, 1, 1, 0, NULL, '2020-11-11 09:20:38'),
(176, 'abc', 23, '358015420419ccac63faad19ff2b9ece', 200.00, 120.00, 5, 14, 1, 0, NULL, '2020-11-11 09:28:30'),
(177, 'abc', 23, '4e6a69bafc84699b1d74cf31a2ccc7dd', 200.00, 120.00, 5, 14, 1, 0, NULL, '2020-11-11 09:31:18'),
(178, 'abc', 23, 'c1b808ba55da803c9e6ac1c4d4f5aad3', 200.00, 120.00, 5, 14, 1, 0, NULL, '2020-11-11 09:36:32'),
(179, 'abc', 23, 'b82d842876318327f3373db8029827e0', 200.00, 120.00, 5, 14, 1, 0, NULL, '2020-11-11 09:39:22'),
(180, 'abc345', 23, '5bb7e2ad7e0e86ec4905a8d359311619', 200.00, 120.00, 5, 14, 1, 0, NULL, '2020-11-11 09:45:43'),
(181, 'abcdef', 123, 'ffa683ff91858ecf2d91d348b4f9e427', 100.00, 120.00, 15, 14, 1, 0, NULL, '2020-11-11 09:50:23'),
(182, 'abcdef', 123, 'd8c534db85b5d1f96697911c5e4b4d03', 100.00, 120.00, 15, 14, 1, 0, NULL, '2020-11-11 09:53:07'),
(183, 'abcdef', 123, '6b1d85311ca65b0ce50492466ab4faa7', 100.00, 120.00, 15, 14, 1, 0, NULL, '2020-11-11 09:54:58'),
(184, 'abcdef', 123, '25d717d8c1537a8ac504a62017a161b8', 100.00, 120.00, 15, 14, 1, 0, NULL, '2020-11-11 09:57:09'),
(185, 'abcdef', 123, 'c04db665f4402752ec94de7d73706199', 100.00, 120.00, 15, 14, 1, 0, NULL, '2020-11-11 09:57:20'),
(186, 'abcdef', 123, '1374d1aa0c89d6e7d30711a8a7aa9cb6', 100.00, 120.00, 15, 14, 1, 0, NULL, '2020-11-11 09:57:50'),
(187, 'abcdef', 123, '7fbdf25b2b465017f34bf6b4671deaeb', 100.00, 120.00, 15, 14, 1, 0, NULL, '2020-11-11 09:58:35'),
(188, 'newnewnew', 139, '104b6b8d3bad420b6128e40544fdc23c', 100.00, 120.00, 1, 5, 1, 0, NULL, '2020-11-11 10:00:23'),
(189, 'newnewnew', 139, '655138e1d05c2b1c7a32d29feb2d57e9', 100.00, 120.00, 1, 5, 1, 0, NULL, '2020-11-11 10:01:18'),
(190, 'newnewnew', 139, '4b5fa0ffa3dc45077f4c0c001409f3c6', 100.00, 120.00, 1, 5, 1, 0, NULL, '2020-11-11 10:02:05'),
(191, 'newnewnew', 139, 'f1b47bc4310a567b249eb2dfd99207e2', 100.00, 120.00, 1, 5, 1, 0, NULL, '2020-11-11 10:03:16'),
(192, 'newnewnew', 139, '6f9bb8d0eb89fe2136970cf3d62c43ae', 100.00, 120.00, 1, 5, 1, 0, NULL, '2020-11-11 10:04:02'),
(193, 'newnewnew', 139, '8a3e98f73f6c2689a36840f588c8c3b4', 100.00, 120.00, 1, 5, 1, 0, NULL, '2020-11-11 10:04:33'),
(194, 'ddddd', 142, 'a1a153f3f9eea5b409e404a9ca879285', 11.00, 22.00, 22, 1, 1, 0, NULL, '2020-11-11 10:05:49'),
(195, 'ddddd', 142, '761666b7cc400382f697acec1dc7aa3a', 11.00, 22.00, 22, 1, 1, 0, NULL, '2020-11-11 10:06:57'),
(196, 'check', 23, '40cfc723eaf680a96d20ae00c2a720b7', 100.00, 120.00, 250, 14, 1, 0, NULL, '2020-11-11 10:15:54'),
(197, 'new updated ', 23, '6d27846db1c4b8ef3d657a6c99db434c', 100.00, 120.00, 15, 1, 1, 0, NULL, '2020-11-11 14:16:40'),
(198, 'new n', 23, 'ae94bdb7f2da1584592de9a9bcf8f5fc', 100.00, 120.00, 6, 5, 1, 0, NULL, '2020-11-12 04:47:31'),
(199, 'abc', 124, '77d84ce958156e849034debfdee31f0a', 100.00, 120.00, 10, 12, 1, 0, NULL, '2020-11-12 04:54:31'),
(200, 'abc', 123, 'ae309869f3716f21149133499518d0be', 100.00, 120.00, 1, 5, 1, 0, NULL, '2020-11-12 04:56:00'),
(201, 'abc', 128, '74e9e57143336bcdf81de4fe03dbaa75', 100.00, 120.00, 250, 14, 1, 0, NULL, '2020-11-12 04:58:45'),
(202, 'abc', 128, 'b78db5e6c8807c7d9d36ed2d2f5567c2', 100.00, 120.00, 250, 14, 1, 0, NULL, '2020-11-12 04:59:09'),
(203, 'abc', 128, 'c5cc8bc40da17f03561b93b5ec189234', 100.00, 120.00, 250, 14, 1, 0, NULL, '2020-11-12 04:59:47'),
(204, 'abc', 128, 'b569e19b6b5813777efd580e997e09e8', 100.00, 120.00, 250, 14, 1, 0, NULL, '2020-11-12 04:59:57'),
(205, 'abc', 128, '2ac8ca16947795021d53a65a80aa0d49', 100.00, 120.00, 250, 14, 1, 0, NULL, '2020-11-12 05:00:36'),
(206, 'abc', 128, '7458cc01184524d6566346fcb921fd58', 100.00, 120.00, 250, 14, 1, 0, NULL, '2020-11-12 05:03:02'),
(207, 'abc', 128, '58571c6c2dd57dea7a727e5c8f666cd3', 100.00, 120.00, 250, 14, 1, 0, NULL, '2020-11-12 05:06:39'),
(208, 'abc', 128, '50e3ed979a6d34138cd1d45595790d15', 100.00, 120.00, 250, 14, 1, 0, NULL, '2020-11-12 05:08:57'),
(209, 'abc', 128, 'b19275d3c2d2de10800e46bd2725287d', 100.00, 120.00, 250, 14, 1, 0, NULL, '2020-11-12 05:11:57'),
(210, 'abc', 128, 'd55bf4bbe22a7c002cb052ca17b61319', 100.00, 120.00, 250, 14, 1, 0, NULL, '2020-11-12 05:13:21'),
(211, 'abc', 128, '06483580cdfb8b3dbfdc5ea300e5a2f6', 100.00, 120.00, 250, 14, 1, 0, NULL, '2020-11-12 05:13:41'),
(212, 'abc', 128, 'f24e99b6bbbf6d91d00fa32f3fb7247f', 100.00, 120.00, 250, 14, 1, 0, NULL, '2020-11-12 05:14:04'),
(213, 'abc', 128, '13e268fd1ca3400d40e1ea3f939d881a', 100.00, 120.00, 250, 14, 1, 0, NULL, '2020-11-12 05:15:24'),
(214, 'abc', 128, '7105543ac7b8861456b860c1c54dddbd', 100.00, 120.00, 250, 14, 1, 0, NULL, '2020-11-12 05:16:29'),
(215, 'abc', 128, '3a77f717cf009845e8dd2bc053a46178', 100.00, 120.00, 250, 14, 1, 0, NULL, '2020-11-12 05:17:08'),
(216, 'abc', 128, '4b6e512a0b8c45f5420b77cb6f94a09b', 100.00, 120.00, 250, 14, 1, 0, NULL, '2020-11-12 05:17:52'),
(217, 'abc', 128, '56232241308fc102d89d19ce9b99ed77', 100.00, 120.00, 250, 14, 1, 0, NULL, '2020-11-12 05:18:07'),
(218, 'abc', 128, '4a8a2c47a8aeca2cf0b999fe3a51c798', 100.00, 120.00, 250, 14, 1, 0, NULL, '2020-11-12 05:19:35'),
(219, 'abc', 128, 'b69715d716e499b2778ff9c6ec662b75', 100.00, 120.00, 250, 14, 1, 0, NULL, '2020-11-12 05:19:52'),
(220, 'abc', 128, '2d7ba4b9ae17e9326c55ed35f22c6029', 100.00, 120.00, 250, 14, 1, 0, NULL, '2020-11-12 05:20:07'),
(221, 'abc', 128, '4af2d6c9f47b41db12de85848913b4c2', 100.00, 120.00, 250, 14, 1, 0, NULL, '2020-11-12 05:22:37'),
(222, 'abc', 128, '2ba8d0d0a9a8c6391ae8d5ff81e45c67', 100.00, 120.00, 250, 14, 1, 0, NULL, '2020-11-12 05:23:07'),
(223, 'abc', 128, 'b82c2886f95f547b74a002aaa8afdca7', 100.00, 120.00, 250, 14, 1, 0, NULL, '2020-11-12 05:25:34'),
(224, 'abc', 128, '2957b91596c2358f593a4368d91dfcdc', 100.00, 120.00, 250, 14, 1, 0, NULL, '2020-11-12 05:25:49'),
(225, 'abc', 128, '9acead1a3dae0ebb424fb60212f41c50', 100.00, 120.00, 250, 14, 1, 0, NULL, '2020-11-12 05:28:04'),
(226, 'abc', 128, '0f164078e450be530e2eef26ac6010fa', 100.00, 120.00, 250, 14, 1, 0, NULL, '2020-11-12 05:29:36'),
(227, 'abc', 128, '13512f7e1cd239bae068dfc6dfdb39fc', 100.00, 120.00, 250, 14, 1, 0, NULL, '2020-11-12 05:30:20'),
(228, 'abc', 128, '0e61658042148a26cdc0188d8b92bdc5', 100.00, 120.00, 250, 14, 1, 0, NULL, '2020-11-12 05:31:12'),
(229, 'abc', 128, '12d32d59cbcfe70435c8324e558ec6c6', 100.00, 120.00, 250, 14, 1, 0, NULL, '2020-11-12 05:31:31'),
(230, 'abc', 128, '959ef3d72d0158aa6f46729bdd2466a9', 100.00, 120.00, 250, 14, 1, 0, NULL, '2020-11-12 05:36:31'),
(231, 'abc', 128, 'bdf72a95be8f09dd12b665a2cffd99d0', 100.00, 120.00, 250, 14, 1, 0, NULL, '2020-11-12 05:37:03'),
(232, 'abc', 128, '25ad81811e328ccfaadd2e04442d13a4', 100.00, 120.00, 250, 14, 1, 0, NULL, '2020-11-12 05:37:27'),
(233, 'abc', 128, '0506972c4f860bc35e2ed9f44a3b6e17', 100.00, 120.00, 250, 14, 1, 0, NULL, '2020-11-12 05:37:39'),
(234, 'abc', 128, 'b2e3df7758d53838e033c3729978726f', 100.00, 120.00, 250, 14, 1, 0, NULL, '2020-11-12 05:38:17'),
(235, 'abc', 128, '1ddcb51d419be8466042f1c404dde216', 100.00, 120.00, 250, 14, 1, 0, NULL, '2020-11-12 05:39:36'),
(236, 'abc', 128, '595c7f8e1d64378bf5f786224e1d23b9', 100.00, 120.00, 250, 14, 1, 0, NULL, '2020-11-12 05:41:03'),
(237, 'abc', 128, 'cad339c890c25c3783cf104750a0b8f2', 100.00, 120.00, 250, 14, 1, 0, NULL, '2020-11-12 05:42:26'),
(238, 'abc', 128, '98ad73bdfd9f4acdde6082be76d4bf73', 100.00, 120.00, 250, 14, 1, 0, NULL, '2020-11-12 05:43:25'),
(239, 'abc', 128, 'b4abe0b9b67bf8a6827a175b48bc97ec', 100.00, 120.00, 250, 14, 1, 0, NULL, '2020-11-12 05:51:35'),
(240, 'abc', 128, '9af6fcff066c94164fc4e5f65f63f4ed', 100.00, 120.00, 250, 14, 1, 0, NULL, '2020-11-12 05:52:23'),
(241, 'abc', 128, '82f785f19885c7fa0dabfb2d987b623d', 100.00, 120.00, 250, 14, 1, 0, NULL, '2020-11-12 05:52:34'),
(242, 'abc', 128, 'b32e4e7f710178145dd18cdd24ad6824', 100.00, 120.00, 250, 14, 1, 0, NULL, '2020-11-12 05:53:55'),
(243, 'abc', 128, '8ae3407de4c7237b79875c0a49667ed4', 100.00, 120.00, 250, 14, 1, 0, NULL, '2020-11-12 05:55:11'),
(244, 'abc', 128, '01bde787eb91e8da22786228f670bf95', 100.00, 120.00, 250, 14, 1, 0, NULL, '2020-11-12 05:56:31'),
(245, 'abc', 128, '15455dda2b64dd8fc5ffa22e29cdfb1a', 100.00, 120.00, 250, 14, 1, 0, NULL, '2020-11-12 05:56:41'),
(246, 'abc', 128, '361118a31cfb73b929379c8c4553f4ac', 100.00, 120.00, 250, 14, 1, 0, NULL, '2020-11-12 05:57:22'),
(247, 'abc', 128, 'c2c4fe8be217a7e3dfd8a4d77ddc2e6c', 100.00, 120.00, 250, 14, 1, 0, NULL, '2020-11-12 05:57:42'),
(248, 'abc', 128, '81cf742c5521b5a08b078214467e69ac', 100.00, 120.00, 250, 14, 1, 0, NULL, '2020-11-12 05:58:28'),
(249, 'abc', 128, '5e479ef91e8aea7c24d00332f6464f88', 100.00, 120.00, 250, 14, 1, 0, NULL, '2020-11-12 05:58:42'),
(250, 'abc', 128, 'a15bffd258d392ea53dbb79c7f6893c1', 100.00, 120.00, 250, 14, 1, 0, NULL, '2020-11-12 05:59:07'),
(251, 'abc', 128, 'abec08c5cb8243dafdc12517bba2a155', 100.00, 120.00, 250, 14, 1, 0, NULL, '2020-11-12 05:59:25'),
(252, 'abc', 128, 'cd24dbb0cdbdb0c60f024c4940855f45', 100.00, 120.00, 250, 14, 1, 0, NULL, '2020-11-12 05:59:37'),
(253, 'abc', 128, 'e7ce118df375bd83a6c11494984f9b30', 100.00, 120.00, 250, 14, 1, 0, NULL, '2020-11-12 05:59:51'),
(254, 'abc', 128, '239b98c3b5420b6ec822cbb0f09985c8', 100.00, 120.00, 250, 14, 1, 0, NULL, '2020-11-12 06:00:02'),
(255, 'abc', 128, '94c4d058420619f0f406678618418fc6', 100.00, 120.00, 250, 14, 1, 0, NULL, '2020-11-12 06:01:50'),
(256, 'abc', 128, '6fb07e863a619d3e06bcc4323bc1781a', 100.00, 120.00, 250, 14, 1, 0, NULL, '2020-11-12 06:02:38'),
(257, 'abc', 128, '671a950174953d7d6abc9dbefb1e1478', 100.00, 120.00, 250, 14, 1, 0, NULL, '2020-11-12 06:03:07'),
(258, 'abc', 128, '56b5169662975e05222355a97ff1d025', 100.00, 120.00, 250, 14, 1, 0, NULL, '2020-11-12 06:03:22'),
(259, 'abc', 128, '163973a969b0366ef46f08c83afd4a19', 100.00, 120.00, 250, 14, 1, 0, NULL, '2020-11-12 06:03:49'),
(260, 'abc', 128, '5fe387d7cec2627fee9750befb7037da', 100.00, 120.00, 250, 14, 1, 0, NULL, '2020-11-12 06:04:13'),
(261, 'abc', 128, '1fc470f859e1e18672c2f4ff9d3dcacd', 100.00, 120.00, 250, 14, 1, 0, NULL, '2020-11-12 06:04:31'),
(262, 'abc', 128, '28debf468106ec3647a91ad5a5177ec2', 100.00, 120.00, 250, 14, 1, 0, NULL, '2020-11-12 06:06:03'),
(263, 'abc', 128, 'a9436cc0286154f4156a25aa463ca2da', 100.00, 120.00, 250, 14, 1, 0, NULL, '2020-11-12 06:06:27'),
(264, 'abc', 128, '2a95c83d461557d4f27843ba42c9f106', 100.00, 120.00, 250, 14, 1, 0, NULL, '2020-11-12 06:10:14'),
(265, 'abc', 128, '2d82535725d38a422598559a4a592980', 100.00, 120.00, 250, 14, 1, 0, NULL, '2020-11-12 06:10:56'),
(266, 'abc', 128, 'b79ebd03884fd773ff3be066e7c22761', 100.00, 120.00, 250, 14, 1, 0, NULL, '2020-11-12 06:18:17'),
(267, 'abc', 128, 'e244ce1913f663faac1f2050c409cf85', 100.00, 120.00, 250, 14, 1, 0, NULL, '2020-11-12 06:23:06'),
(268, 'abc', 128, '09d77f86e39c4f8d5377b730c3a22409', 100.00, 120.00, 250, 14, 1, 0, NULL, '2020-11-12 06:24:29'),
(269, 'abc', 128, '13acdf1049b89568b73ae7e6cd85b243', 100.00, 120.00, 250, 14, 1, 0, NULL, '2020-11-12 06:25:19'),
(270, 'abc', 128, '8e186250148285d16866e37aec627e17', 100.00, 120.00, 250, 14, 1, 0, NULL, '2020-11-12 06:25:57'),
(271, 'abc', 128, '4fd7837b1d4aa1abe7fa1e446159bfad', 100.00, 120.00, 250, 14, 1, 0, NULL, '2020-11-12 06:27:11'),
(272, 'abc', 128, 'a278fa1f04abc22818eca1f71cd7f9a6', 100.00, 120.00, 250, 14, 1, 0, NULL, '2020-11-12 06:27:49'),
(273, 'abc', 128, 'b411908be50b73a4cdfa1b894f113cbe', 100.00, 120.00, 250, 14, 1, 0, NULL, '2020-11-12 06:29:56'),
(274, 'abc', 128, 'df93eaba1bb7b2f9347fe2324967847d', 100.00, 120.00, 250, 14, 1, 0, NULL, '2020-11-12 06:30:34'),
(275, 'abc', 128, '109a0a5fb6ae5d04eb48f003ebdf7783', 100.00, 120.00, 250, 14, 1, 0, NULL, '2020-11-12 06:31:30'),
(276, 'abc', 128, '4fc0dcddb32a4f776003ecd4bea22962', 100.00, 120.00, 250, 14, 1, 0, NULL, '2020-11-12 06:31:46'),
(277, 'abc', 128, 'd0ad81070ef9d58305b6e741f5f3a36c', 100.00, 120.00, 250, 14, 1, 0, NULL, '2020-11-12 06:32:52'),
(278, 'abc', 128, 'a79b4f19a7a629f07fede2d485a7d364', 100.00, 120.00, 250, 14, 1, 0, NULL, '2020-11-12 06:33:07'),
(279, 'abc', 128, '1cdac17d9295eab9a3a811b36cf2372a', 100.00, 120.00, 250, 14, 1, 0, NULL, '2020-11-12 06:33:14'),
(280, 'abc', 124, 'e3682a01b7c8d7e63d9083c59fdd5296', 100.00, 120.00, 5, 12, 1, 0, NULL, '2020-11-12 06:33:51'),
(281, 'abc', 124, '67899baed92e701baf97d77c146629c3', 100.00, 120.00, 5, 12, 1, 0, NULL, '2020-11-12 06:34:17'),
(282, 'abc', 124, '5b7f398a37be2c5316321fccc0f3bb29', 100.00, 120.00, 5, 12, 1, 0, NULL, '2020-11-12 06:36:44'),
(283, 'abc', 124, '8ef3180992085fea9ca7ef34ed253153', 100.00, 120.00, 5, 12, 1, 0, NULL, '2020-11-12 06:39:26'),
(284, 'abc', 124, 'd51b4fdba71db05b234be896cb65cc3b', 100.00, 120.00, 5, 12, 1, 0, NULL, '2020-11-12 06:40:43'),
(285, 'abc', 124, 'd3e910408a5d8c8004d0665657e6eecc', 100.00, 120.00, 5, 12, 1, 0, NULL, '2020-11-12 06:41:01'),
(286, 'abc', 124, 'fb8845825d7c932f898ff7636d88a643', 100.00, 120.00, 5, 12, 1, 0, NULL, '2020-11-12 06:41:39'),
(287, 'abc', 124, 'f7e6b04851f8c201d59f9e944dfbc487', 100.00, 120.00, 5, 12, 1, 0, NULL, '2020-11-12 06:41:54'),
(288, 'abc', 124, '06796dc8346f9419cff5ac88367ea0e6', 100.00, 120.00, 5, 12, 1, 0, NULL, '2020-11-12 06:42:31'),
(289, 'abc', 124, 'fb0e301e7aa3ae1ec72cd3bf5baa523f', 100.00, 120.00, 5, 12, 1, 0, NULL, '2020-11-12 06:43:00'),
(290, 'abc', 124, 'a41e0ab0b67b9962a9dd20e199c5646f', 100.00, 120.00, 5, 12, 1, 0, NULL, '2020-11-12 06:43:14'),
(291, 'abc', 124, '1921edf9c9125601f65bcc3ca6535c13', 100.00, 120.00, 5, 12, 1, 0, NULL, '2020-11-12 06:43:20'),
(292, 'abc', 124, 'f744dd8fb49452d7bead6774ba8b12d9', 100.00, 120.00, 5, 12, 1, 0, NULL, '2020-11-12 06:43:31'),
(293, 'abc', 124, '13155f9c93356bc150761bcfe246d2db', 100.00, 120.00, 5, 12, 1, 0, NULL, '2020-11-12 06:43:40'),
(294, 'abc', 124, '1b328aa4e32ae6309892ab7675e2100e', 100.00, 120.00, 5, 12, 1, 0, NULL, '2020-11-12 06:43:53'),
(295, 'abc', 124, '7389236c5e9036c62acf49a40c633d49', 100.00, 120.00, 5, 12, 1, 0, NULL, '2020-11-12 06:44:01'),
(296, 'abc', 124, '6ce043a1157916a2e053295800b278a9', 100.00, 120.00, 5, 12, 1, 0, NULL, '2020-11-12 06:44:08'),
(297, 'abc', 124, 'b7654b222c496f8d0d1ef9a73190a7f4', 100.00, 120.00, 5, 12, 1, 0, NULL, '2020-11-12 06:44:15'),
(298, 'abc', 124, '8d6e93e821ec323bbaf8845bac1400d2', 100.00, 120.00, 5, 12, 1, 0, NULL, '2020-11-12 06:44:21'),
(299, 'abc', 124, 'ab8f16e1cd5d23ff02f8c51e8f668a42', 100.00, 120.00, 5, 12, 1, 0, NULL, '2020-11-12 06:44:52'),
(300, 'abc', 124, 'c3d8bcce1245b3ea404467a328c09a6e', 100.00, 120.00, 5, 12, 1, 0, NULL, '2020-11-12 06:45:02'),
(301, 'abc', 124, '82834d1d83f9fa4e0afe660e0425ecae', 100.00, 120.00, 5, 12, 1, 0, NULL, '2020-11-12 06:46:18'),
(302, 'abc', 124, 'eec7930a9a311f3a8e37ff0c59e0c605', 100.00, 120.00, 5, 12, 1, 0, NULL, '2020-11-12 06:46:39'),
(303, 'abc', 124, '3882321d9bdad726fd50071b1df9e09b', 100.00, 120.00, 5, 12, 1, 0, NULL, '2020-11-12 06:49:43'),
(304, 'abc', 124, 'bae3a2486c6f83874e66f99747038e4e', 100.00, 120.00, 5, 12, 1, 0, NULL, '2020-11-12 06:52:05'),
(305, 'abc', 124, '1da626f6392f07f9b176593b42b1715d', 100.00, 120.00, 5, 12, 1, 0, NULL, '2020-11-12 06:53:36'),
(306, 'abc', 124, 'bc874f7077ca6d30563808b2711210e0', 100.00, 120.00, 5, 12, 1, 0, NULL, '2020-11-12 06:54:36'),
(307, 'abc', 124, '68efd288768f9a843b0e00ebe1e811b1', 100.00, 120.00, 5, 12, 1, 0, NULL, '2020-11-12 06:55:57'),
(308, 'abc', 124, '881346839aa8ed2a095084044b38195c', 100.00, 120.00, 5, 12, 1, 0, NULL, '2020-11-12 06:56:10'),
(309, 'abc', 124, '853d4e725b2638e1849beefd9d9381a2', 100.00, 120.00, 5, 12, 1, 0, NULL, '2020-11-12 06:56:47'),
(310, 'abc', 124, 'b220a3ae984f183f44d15c0d3e16ad51', 100.00, 120.00, 5, 12, 1, 0, NULL, '2020-11-12 06:56:55'),
(311, 'abc', 124, '43e959f8daacb9d164c005990f4506ca', 100.00, 120.00, 5, 12, 1, 0, NULL, '2020-11-12 06:57:02'),
(312, 'abc', 124, 'ed7810eb5e72af837bc123f4a099a0f4', 100.00, 120.00, 5, 12, 1, 0, NULL, '2020-11-12 06:57:09'),
(313, 'abc', 124, '157a674685361262e07945f5eeb0d172', 100.00, 120.00, 5, 12, 1, 0, NULL, '2020-11-12 06:59:37'),
(314, 'abc', 124, 'd88064da2b1c0d2969c8576695fa91c7', 100.00, 120.00, 5, 12, 1, 0, NULL, '2020-11-12 06:59:53'),
(315, 'abc', 124, '0329207e30c12e432002f89417b3c0f0', 100.00, 120.00, 5, 12, 1, 0, NULL, '2020-11-12 07:00:11'),
(316, 'abc', 124, '3e8a5cc2d4ddd927ce639d31787340df', 100.00, 120.00, 5, 12, 1, 0, NULL, '2020-11-12 07:00:22'),
(317, 'abc', 124, '41a19996696c4c0a9caf3e9a690a15a8', 100.00, 120.00, 5, 12, 1, 0, NULL, '2020-11-12 07:00:54'),
(318, 'abc', 124, 'e68c1fb1c70df9e9d3d9d04e5b7fe352', 100.00, 120.00, 5, 12, 1, 0, NULL, '2020-11-12 07:01:12'),
(319, 'abc', 124, 'eed5f6df3dc7b04a1f6c27d6afdfdbc9', 100.00, 120.00, 5, 5, 1, 0, NULL, '2020-11-12 07:05:23'),
(320, 'abc', 124, '351347572223990c71e4f293a842e968', 100.00, 120.00, 5, 5, 1, 0, NULL, '2020-11-12 07:05:54'),
(321, 'abc', 124, '9c9b89f646df437137cadea13c1975a4', 100.00, 120.00, 5, 5, 1, 0, NULL, '2020-11-12 07:07:01'),
(322, 'abc', 124, 'a4ac1803f283c1d0823773935aecdcad', 100.00, 120.00, 5, 5, 1, 0, NULL, '2020-11-12 07:08:36'),
(323, 'abc', 124, '1b8e68b539c7442aebaf750b90c821c1', 100.00, 120.00, 5, 5, 1, 0, NULL, '2020-11-12 07:09:17'),
(324, 'abc', 124, '7bce5c803ced01fbc343306cb9417878', 100.00, 120.00, 5, 5, 1, 0, NULL, '2020-11-12 07:10:15'),
(325, 'abc', 124, '70c651fc7c3dd3db5bcd57a8d0b32a79', 100.00, 120.00, 5, 5, 1, 0, NULL, '2020-11-12 07:10:18'),
(326, 'abc', 124, 'cf2259c223d5ef8d05223f837616bd09', 100.00, 120.00, 5, 5, 1, 0, NULL, '2020-11-12 07:10:41'),
(327, 'abc', 124, 'b8a329f9d60ebb426b047f195f979f63', 100.00, 120.00, 5, 5, 1, 0, NULL, '2020-11-12 07:11:16'),
(328, 'abc', 124, '15f94b1ae21a299cba757a15980680f9', 100.00, 120.00, 5, 5, 1, 0, NULL, '2020-11-12 07:11:25'),
(329, 'abc', 124, '5422932957f599743f17b04aec11da92', 100.00, 120.00, 5, 5, 1, 0, NULL, '2020-11-12 07:12:17'),
(330, 'abc', 124, 'c4f5ae462e64601c1ba0fb5d891077c4', 100.00, 120.00, 5, 5, 1, 0, NULL, '2020-11-12 07:13:11'),
(331, 'abc', 124, '094535072e615598dc2547d4c0bf62eb', 100.00, 120.00, 5, 5, 1, 0, NULL, '2020-11-12 07:13:41'),
(332, 'abc', 124, '233429befd03f77a565429ca7c569e8a', 100.00, 120.00, 5, 5, 1, 0, NULL, '2020-11-12 07:15:05'),
(333, 'abc', 124, 'f687b121411b9c2b903f8f5727f17839', 100.00, 120.00, 5, 5, 1, 0, NULL, '2020-11-12 07:15:30'),
(334, 'abc', 128, 'fb0ec20592688812ec41bb724d2420bc', 100.00, 120.00, 5, 10, 1, 0, NULL, '2020-11-12 07:15:58'),
(335, 'abc', 128, 'd887c7e2094fc107908929096b7a0c7f', 100.00, 120.00, 5, 10, 1, 0, NULL, '2020-11-12 07:17:52'),
(336, 'abc', 128, '930687cb44755d7a869e827bd50cb849', 100.00, 120.00, 5, 10, 1, 0, NULL, '2020-11-12 07:18:09'),
(337, 'abc', 128, '98a21cfaff88fb23dad95db0360c22e3', 100.00, 120.00, 5, 10, 1, 0, NULL, '2020-11-12 07:18:46'),
(338, 'abc', 128, '3d1e82c3d643145d4a94f45c32f0c49f', 100.00, 120.00, 5, 10, 1, 0, NULL, '2020-11-12 07:19:11'),
(339, 'abc', 128, 'ba08ba43b2cf781f9b0669ec2ae0a311', 100.00, 120.00, 5, 10, 1, 0, NULL, '2020-11-12 07:19:43'),
(340, 'abc', 128, '3d5239bf5aaa09e58a23eb171263a370', 100.00, 120.00, 5, 10, 1, 0, NULL, '2020-11-12 07:20:10'),
(341, 'abc', 128, '45494404e124aefd5bf7f14c069039d9', 100.00, 120.00, 5, 10, 1, 0, NULL, '2020-11-12 07:20:59'),
(342, 'abc', 128, '7d4cb5fa840b5133c6002a2bcb2e9289', 100.00, 120.00, 5, 10, 1, 0, NULL, '2020-11-12 07:21:47'),
(343, 'abc', 128, '089ba7687f40d64b1ebf8afbc9bc029e', 100.00, 120.00, 5, 10, 1, 0, NULL, '2020-11-12 07:22:10'),
(344, 'abc', 128, '16b8193d36ebee6ca134ee740ded2454', 100.00, 120.00, 5, 10, 1, 0, NULL, '2020-11-12 07:28:22'),
(345, 'acdacd', 23, '9e0c367b2c2f0d0db3601776d4daae0c', 105.00, 120.00, 5, 10, 1, 0, NULL, '2020-11-12 07:29:26'),
(346, 'hhhhhhhhhhabc', 23, '9e7d181f377d92f011819d9c76cdab18', 100.00, 120.00, 15, 14, 1, 0, NULL, '2020-11-12 07:30:59'),
(347, 'abc', 123, 'dceadb18fc7615bc819b5f60f6e8f7e3', 100.00, 120.00, 15, 14, 1, 0, NULL, '2020-11-12 08:18:28'),
(348, 'xyz', 128, 'b916c18279804e363a4c541b35860939', 100.00, 120.00, 10, 5, 1, 0, NULL, '2020-11-12 08:28:01'),
(349, 'xyz', 128, 'a055fbd7542b49950ef96ecdc8004131', 100.00, 120.00, 10, 5, 1, 0, NULL, '2020-11-12 08:28:11'),
(350, 'xyz', 128, '57654682b7d2cb4668b2fc8de111c9f9', 100.00, 120.00, 10, 5, 1, 0, NULL, '2020-11-12 08:30:42'),
(351, 'xyz', 128, 'd2581916bb356ad96272425913ef4cc7', 100.00, 120.00, 10, 5, 1, 0, NULL, '2020-11-12 08:32:52'),
(352, 'xyz', 128, 'e91296590d645e380d5ed2e43c941af7', 100.00, 120.00, 10, 5, 1, 0, NULL, '2020-11-12 08:35:09'),
(353, 'xyz', 128, '79d0f3bf0acb2aaa414c1ce4d0d14684', 100.00, 120.00, 10, 5, 1, 0, NULL, '2020-11-12 08:35:35'),
(354, 'xyz', 128, '8c5e1aa9536f24825aa5a28800500842', 100.00, 120.00, 10, 5, 1, 0, NULL, '2020-11-12 08:36:27'),
(355, 'xyz', 128, '9dedd7865fd4ba41aaa3fd301d738c3f', 100.00, 120.00, 10, 5, 1, 0, NULL, '2020-11-12 08:37:48'),
(356, 'abc', 124, 'd55c87b7e9f9d132ada59dafda1baef1', 100.00, 120.00, 1, 12, 1, 0, NULL, '2020-11-12 08:38:18'),
(357, 'abc', 124, '8cc0ac6e6b27696e75ac3845fd1532bf', 100.00, 120.00, 1, 12, 1, 0, NULL, '2020-11-12 08:39:27'),
(358, 'new one', 23, '54d75d50e182b7854c16bfb992c3de63', 200.00, 120.00, 6, 10, 1, 0, NULL, '2020-11-12 09:46:25'),
(359, 'abc', 123, '2672e5316ad50ff0dc5597a91be800f1', 100.00, 120.00, 15, 14, 1, 0, NULL, '2020-11-12 10:06:12'),
(360, 'abc', 23, '9b8ab5ce4f8e0990d3e453853da8f0c5', 300.00, 120.00, 15, 14, 0, 0, NULL, '2020-11-12 10:09:13'),
(361, 'abc', 124, '40e80d1dd6c9f4e61fc15bcfc58b632f', 100.00, 120.00, 10, 5, 1, 0, NULL, '2020-11-12 10:10:32'),
(362, 'finalaaa', 23, '173ec55b9bdc21698fb21367087318d5', 100.00, 120.00, 1, 10, 1, 21, NULL, '2020-11-18 05:14:10'),
(363, 'abc', 23, '8b2e7ba68ecea9c5be073daa50a5c82f', 220.00, 120.00, 10, 12, 1, 21, NULL, '2020-11-18 05:19:15'),
(364, 'abc', 23, 'a82f6bf92c8c667fcc7b6a7ac95bf107', 100.00, 120.00, 1, 10, 1, 20, NULL, '2020-11-18 05:20:34'),
(365, 'abcdef', 148, 'd1dd3a4b73b4db5a445edb4aabc3a50a', 100.00, 120.00, 1, 10, 1, 20, NULL, '2020-11-18 05:20:51'),
(366, 'abc', 23, '2f6f3b444be9e7ae7246c4fcc309a47f', 199.00, 200.00, 250, 14, 1, 20, NULL, '2020-11-18 05:39:32'),
(367, 'abc', 128, 'eb8a0b03e2d624c4e4b96abdca85d14d', 100.00, 250.00, 250, 12, 1, 20, NULL, '2020-11-18 09:01:59'),
(368, 'answer', 23, 'c6662540b89cfaed5d6b894757c85584', 100.00, 120.00, 6, 5, 1, 20, NULL, '2020-11-18 09:04:14');

-- --------------------------------------------------------

--
-- Table structure for table `users`
--

CREATE TABLE `users` (
  `iUserId` int(11) NOT NULL,
  `vFirstName` varchar(30) NOT NULL,
  `vLastName` varchar(30) NOT NULL,
  `vAddress` varchar(255) NOT NULL,
  `vEmail` varchar(65) NOT NULL,
  `vPassword` varchar(255) NOT NULL,
  `biContactNo` bigint(15) NOT NULL,
  `tsAddedDate` timestamp NULL DEFAULT NULL,
  `tsLastLogin` timestamp NULL DEFAULT NULL
) ENGINE=InnoDB DEFAULT CHARSET=utf8;

--
-- Dumping data for table `users`
--

INSERT INTO `users` (`iUserId`, `vFirstName`, `vLastName`, `vAddress`, `vEmail`, `vPassword`, `biContactNo`, `tsAddedDate`, `tsLastLogin`) VALUES
(20, 'eee', 'eee', 'kalasagaraaaaaaaaaaaaaaaaaaaa', 'eee@gmail.com', 'e10adc3949ba59abbe56e057f20f883e', 8521479632, '2020-11-13 06:35:41', '2020-11-18 09:48:16'),
(21, 'hitesh', 'chaudhary', 'kalasagaraaaaaaaaaaaaaaaaaaaa', 'hitesh@gmail.com', 'e10adc3949ba59abbe56e057f20f883e', 8521479632, '2020-11-13 06:41:29', '2020-11-18 12:43:22');

--
-- Indexes for dumped tables
--

--
-- Indexes for table `categories`
--
ALTER TABLE `categories`
  ADD PRIMARY KEY (`iCategoryId`);

--
-- Indexes for table `images`
--
ALTER TABLE `images`
  ADD PRIMARY KEY (`iImageId`),
  ADD KEY `images_ibfk_1` (`iProductId`);

--
-- Indexes for table `products`
--
ALTER TABLE `products`
  ADD PRIMARY KEY (`iProductId`),
  ADD KEY `iCategoryId` (`iCategoryId`);

--
-- Indexes for table `users`
--
ALTER TABLE `users`
  ADD PRIMARY KEY (`iUserId`);

--
-- AUTO_INCREMENT for dumped tables
--

--
-- AUTO_INCREMENT for table `categories`
--
ALTER TABLE `categories`
  MODIFY `iCategoryId` int(10) NOT NULL AUTO_INCREMENT, AUTO_INCREMENT=156;
--
-- AUTO_INCREMENT for table `images`
--
ALTER TABLE `images`
  MODIFY `iImageId` int(10) NOT NULL AUTO_INCREMENT, AUTO_INCREMENT=422;
--
-- AUTO_INCREMENT for table `products`
--
ALTER TABLE `products`
  MODIFY `iProductId` int(10) NOT NULL AUTO_INCREMENT, AUTO_INCREMENT=369;
--
-- AUTO_INCREMENT for table `users`
--
ALTER TABLE `users`
  MODIFY `iUserId` int(11) NOT NULL AUTO_INCREMENT, AUTO_INCREMENT=22;
--
-- Constraints for dumped tables
--

--
-- Constraints for table `images`
--
ALTER TABLE `images`
  ADD CONSTRAINT `images_ibfk_1` FOREIGN KEY (`iProductId`) REFERENCES `products` (`iProductId`) ON DELETE CASCADE ON UPDATE NO ACTION;

--
-- Constraints for table `products`
--
ALTER TABLE `products`
  ADD CONSTRAINT `products_ibfk_1` FOREIGN KEY (`iCategoryId`) REFERENCES `categories` (`iCategoryId`);

/*!40101 SET CHARACTER_SET_CLIENT=@OLD_CHARACTER_SET_CLIENT */;
/*!40101 SET CHARACTER_SET_RESULTS=@OLD_CHARACTER_SET_RESULTS */;
/*!40101 SET COLLATION_CONNECTION=@OLD_COLLATION_CONNECTION */;
